,hashtag
0,#첫줄
1,#금요일
2,#운동
3,#필라테스
4,#필라테스강사
5,#운동하는여자
6,#운동하는남자
7,#기구필라테스
8,#얼스타그램
9,#셀스타그램
10,#셀피
11,#셀카
12,#소통
13,#맞팔
14,#선팔
15,#좋아요
16,#팔로우
17,#팔로잉
18,#좋반
19,#데일리
20,#분당
21,#성남
22,#판교
23,#정자
24,#수내
25,#위례
26,#서현
27,#분당필라테스
28,#instagood
29,#selfie
30,#instalike
31,#selca
32,#kooky
33,#edm
34,#dj
35,#dancemusic
36,#housemusic
37,#futurehouse
38,#pop
39,#spotify
40,#soundcloud
41,#producer
42,#hiphop
43,#futurebass
44,#music
45,#billborad
46,#서울
47,#홍대
48,#음악
49,#힙합
50,#이디엠
51,#팝
52,#운동
53,#셀카
54,#일상
55,#찰영
56,#몸매
57,#FLVCCOSZN
